<application>
  <component name="CodeFoldingSettings">
    <option name="COLLAPSE_DOC_COMMENTS" value="true" />
  </component>
  <component name="CodeInsightSettings">
    <option name="AUTO_POPUP_JAVADOC_INFO" value="true" />
  </component>
  <component name="DefaultFont">
    <option name="FONT_SIZE" value="18" />
    <option name="LINE_SPACING" value="1.1" />
  </component>
  <component name="EditorSettings">
    <option name="USE_SOFT_WRAPS" value="" />
  </component>
  <component name="InlayHintsSettings">
    <option name="lastViewedProviderKeyId" value="parameter.hints.old" />
  </component>
  <component name="TodoConfiguration">
    <pattern pattern="\btodo\b.*" />
    <pattern pattern="\bfixme\b.*" />
  </component>
</application>