<application>
  <component name="FileTypeManager" version="18">
    <ignoreFiles list="*.iml;*.pyc;*.pyo;*.rbc;*.yarb;*~;.DS_Store;.git;.hg;.idea;.svn;CVS;__pycache__;_svn;vssver.scc;vssver2.scc" />
    <extensionMap>
      <mapping pattern="interviewTop" type="AUTO_DETECTED" />
      <mapping pattern="CronTab" type="AUTO_DETECTED" />
      <mapping pattern="PostgreSQL.md" type="AUTO_DETECTED" />
      <mapping ext="space.kts" type="Kotlin" />
      <mapping ext="gradle.kts" type="Kotlin" />
      <mapping ext="main.kts" type="Kotlin" />
      <mapping pattern="q&amp;a.md" type="Markdown" />
      <mapping pattern="IssueAndSolution.md" type="Markdown" />
      <mapping ext="2021-11-08" type="PLAIN_TEXT" />
      <removed_mapping ext="apk" approved="true" type="ARCHIVE" />
      <removed_mapping ext="psd" approved="true" type="Adobe Photoshop" />
    </extensionMap>
  </component>
</application>