<application>
  <component name="GeneralSettings">
    <option name="autoSaveIfInactive" value="true" />
    <option name="confirmExit" value="false" />
    <option name="inactiveTimeout" value="10" />
    <option name="processCloseConfirmation" value="TERMINATE" />
    <option name="showTipsOnStartup" value="false" />
  </component>
  <component name="Registry">
    <entry key="ide.balloon.shadow.size" value="0" />
    <entry key="ide.tree.ui.experimental" value="false" />
    <entry key="ide.tooltip.initialDelay" value="1199" />
    <entry key="debugger.watches.in.variables" value="false" />
    <entry key="BSP.system.in.process" value="true" />
    <entry key="SBT.system.in.process" value="true" />
    <entry key="compiler.automake.allow.when.app.running" value="true" />
    <entry key="run.processes.with.pty" value="false" />
  </component>
  <component name="StatusBar">
    <option name="widgets">
      <map>
        <entry key="Memory" value="true" />
        <entry key="ReadOnlyAttribute" value="false" />
        <entry key="TypeAwareHighlighting" value="false" />
        <entry key="com.intellij.psi.codeStyle.statusbar.CodeStyleStatusBarWidget" value="false" />
        <entry key="mtStatusBar" value="false" />
      </map>
    </option>
  </component>
</application>