<application>
  <component name="ProjectJdkTable">
    <jdk version="2">
      <name value="1.8" />
      <type value="JavaSDK" />
      <version value="java version &quot;1.8.0_251&quot;" />
      <homePath value="C:\Java\JDK\jdk8" />
      <roots>
        <annotationsPath>
          <root type="composite">
            <root url="jar://$APPLICATION_HOME_DIR$/plugins/java/lib/jdkAnnotations.jar!/" type="simple" />
          </root>
        </annotationsPath>
        <classPath>
          <root type="composite">
            <root url="jar://C:/Java/JDK/jdk8/jre/lib/charsets.jar!/" type="simple" />
            <root url="jar://C:/Java/JDK/jdk8/jre/lib/deploy.jar!/" type="simple" />
            <root url="jar://C:/Java/JDK/jdk8/jre/lib/ext/access-bridge-64.jar!/" type="simple" />
            <root url="jar://C:/Java/JDK/jdk8/jre/lib/ext/cldrdata.jar!/" type="simple" />
            <root url="jar://C:/Java/JDK/jdk8/jre/lib/ext/dnsns.jar!/" type="simple" />
            <root url="jar://C:/Java/JDK/jdk8/jre/lib/ext/jaccess.jar!/" type="simple" />
            <root url="jar://C:/Java/JDK/jdk8/jre/lib/ext/jfxrt.jar!/" type="simple" />
            <root url="jar://C:/Java/JDK/jdk8/jre/lib/ext/localedata.jar!/" type="simple" />
            <root url="jar://C:/Java/JDK/jdk8/jre/lib/ext/nashorn.jar!/" type="simple" />
            <root url="jar://C:/Java/JDK/jdk8/jre/lib/ext/sunec.jar!/" type="simple" />
            <root url="jar://C:/Java/JDK/jdk8/jre/lib/ext/sunjce_provider.jar!/" type="simple" />
            <root url="jar://C:/Java/JDK/jdk8/jre/lib/ext/sunmscapi.jar!/" type="simple" />
            <root url="jar://C:/Java/JDK/jdk8/jre/lib/ext/sunpkcs11.jar!/" type="simple" />
            <root url="jar://C:/Java/JDK/jdk8/jre/lib/ext/zipfs.jar!/" type="simple" />
            <root url="jar://C:/Java/JDK/jdk8/jre/lib/javaws.jar!/" type="simple" />
            <root url="jar://C:/Java/JDK/jdk8/jre/lib/jce.jar!/" type="simple" />
            <root url="jar://C:/Java/JDK/jdk8/jre/lib/jfr.jar!/" type="simple" />
            <root url="jar://C:/Java/JDK/jdk8/jre/lib/jfxswt.jar!/" type="simple" />
            <root url="jar://C:/Java/JDK/jdk8/jre/lib/jsse.jar!/" type="simple" />
            <root url="jar://C:/Java/JDK/jdk8/jre/lib/management-agent.jar!/" type="simple" />
            <root url="jar://C:/Java/JDK/jdk8/jre/lib/plugin.jar!/" type="simple" />
            <root url="jar://C:/Java/JDK/jdk8/jre/lib/resources.jar!/" type="simple" />
            <root url="jar://C:/Java/JDK/jdk8/jre/lib/rt.jar!/" type="simple" />
            <root url="jar://C:/Java/jdk1.8.0_111/jre/lib/charsets.jar!/" type="simple" />
            <root url="jar://C:/Java/jdk1.8.0_111/jre/lib/deploy.jar!/" type="simple" />
            <root url="jar://C:/Java/jdk1.8.0_111/jre/lib/ext/access-bridge-64.jar!/" type="simple" />
            <root url="jar://C:/Java/jdk1.8.0_111/jre/lib/ext/cldrdata.jar!/" type="simple" />
            <root url="jar://C:/Java/jdk1.8.0_111/jre/lib/ext/dnsns.jar!/" type="simple" />
            <root url="jar://C:/Java/jdk1.8.0_111/jre/lib/ext/jaccess.jar!/" type="simple" />
            <root url="jar://C:/Java/jdk1.8.0_111/jre/lib/ext/jfxrt.jar!/" type="simple" />
            <root url="jar://C:/Java/jdk1.8.0_111/jre/lib/ext/localedata.jar!/" type="simple" />
            <root url="jar://C:/Java/jdk1.8.0_111/jre/lib/ext/nashorn.jar!/" type="simple" />
            <root url="jar://C:/Java/jdk1.8.0_111/jre/lib/ext/sunec.jar!/" type="simple" />
            <root url="jar://C:/Java/jdk1.8.0_111/jre/lib/ext/sunjce_provider.jar!/" type="simple" />
            <root url="jar://C:/Java/jdk1.8.0_111/jre/lib/ext/sunmscapi.jar!/" type="simple" />
            <root url="jar://C:/Java/jdk1.8.0_111/jre/lib/ext/sunpkcs11.jar!/" type="simple" />
            <root url="jar://C:/Java/jdk1.8.0_111/jre/lib/ext/zipfs.jar!/" type="simple" />
            <root url="jar://C:/Java/jdk1.8.0_111/jre/lib/javaws.jar!/" type="simple" />
            <root url="jar://C:/Java/jdk1.8.0_111/jre/lib/jce.jar!/" type="simple" />
            <root url="jar://C:/Java/jdk1.8.0_111/jre/lib/jfr.jar!/" type="simple" />
            <root url="jar://C:/Java/jdk1.8.0_111/jre/lib/jfxswt.jar!/" type="simple" />
            <root url="jar://C:/Java/jdk1.8.0_111/jre/lib/jsse.jar!/" type="simple" />
            <root url="jar://C:/Java/jdk1.8.0_111/jre/lib/management-agent.jar!/" type="simple" />
            <root url="jar://C:/Java/jdk1.8.0_111/jre/lib/plugin.jar!/" type="simple" />
            <root url="jar://C:/Java/jdk1.8.0_111/jre/lib/resources.jar!/" type="simple" />
            <root url="jar://C:/Java/jdk1.8.0_111/jre/lib/rt.jar!/" type="simple" />
          </root>
        </classPath>
        <javadocPath>
          <root type="composite">
            <root url="https://docs.oracle.com/javase/8/docs/api/" type="simple" />
          </root>
        </javadocPath>
        <sourcePath>
          <root type="composite">
            <root url="jar://C:/Java/jdk1.8.0_111/src.zip!/" type="simple" />
            <root url="jar://C:/Java/jdk1.8.0_111/javafx-src.zip!/" type="simple" />
            <root url="jar://C:/Java/JDK/jdk8/src.zip!/" type="simple" />
            <root url="jar://C:/Java/JDK/jdk8/javafx-src.zip!/" type="simple" />
          </root>
        </sourcePath>
      </roots>
      <additional />
    </jdk>
    <jdk version="2">
      <name value="openjdk-14" />
      <type value="JavaSDK" />
      <version value="java version &quot;14.0.1&quot;" />
      <homePath value="C:/Java/JDK/jdk14" />
      <roots>
        <annotationsPath>
          <root type="composite">
            <root url="jar://$APPLICATION_HOME_DIR$/plugins/java/lib/jdkAnnotations.jar!/" type="simple" />
          </root>
        </annotationsPath>
        <classPath>
          <root type="composite">
            <root url="jrt://C:/Java/JDK/jdk14!/java.base" type="simple" />
            <root url="jrt://C:/Java/JDK/jdk14!/java.compiler" type="simple" />
            <root url="jrt://C:/Java/JDK/jdk14!/java.datatransfer" type="simple" />
            <root url="jrt://C:/Java/JDK/jdk14!/java.desktop" type="simple" />
            <root url="jrt://C:/Java/JDK/jdk14!/java.instrument" type="simple" />
            <root url="jrt://C:/Java/JDK/jdk14!/java.logging" type="simple" />
            <root url="jrt://C:/Java/JDK/jdk14!/java.management" type="simple" />
            <root url="jrt://C:/Java/JDK/jdk14!/java.management.rmi" type="simple" />
            <root url="jrt://C:/Java/JDK/jdk14!/java.naming" type="simple" />
            <root url="jrt://C:/Java/JDK/jdk14!/java.net.http" type="simple" />
            <root url="jrt://C:/Java/JDK/jdk14!/java.prefs" type="simple" />
            <root url="jrt://C:/Java/JDK/jdk14!/java.rmi" type="simple" />
            <root url="jrt://C:/Java/JDK/jdk14!/java.scripting" type="simple" />
            <root url="jrt://C:/Java/JDK/jdk14!/java.se" type="simple" />
            <root url="jrt://C:/Java/JDK/jdk14!/java.security.jgss" type="simple" />
            <root url="jrt://C:/Java/JDK/jdk14!/java.security.sasl" type="simple" />
            <root url="jrt://C:/Java/JDK/jdk14!/java.smartcardio" type="simple" />
            <root url="jrt://C:/Java/JDK/jdk14!/java.sql" type="simple" />
            <root url="jrt://C:/Java/JDK/jdk14!/java.sql.rowset" type="simple" />
            <root url="jrt://C:/Java/JDK/jdk14!/java.transaction.xa" type="simple" />
            <root url="jrt://C:/Java/JDK/jdk14!/java.xml" type="simple" />
            <root url="jrt://C:/Java/JDK/jdk14!/java.xml.crypto" type="simple" />
            <root url="jrt://C:/Java/JDK/jdk14!/jdk.accessibility" type="simple" />
            <root url="jrt://C:/Java/JDK/jdk14!/jdk.aot" type="simple" />
            <root url="jrt://C:/Java/JDK/jdk14!/jdk.attach" type="simple" />
            <root url="jrt://C:/Java/JDK/jdk14!/jdk.charsets" type="simple" />
            <root url="jrt://C:/Java/JDK/jdk14!/jdk.compiler" type="simple" />
            <root url="jrt://C:/Java/JDK/jdk14!/jdk.crypto.cryptoki" type="simple" />
            <root url="jrt://C:/Java/JDK/jdk14!/jdk.crypto.ec" type="simple" />
            <root url="jrt://C:/Java/JDK/jdk14!/jdk.crypto.mscapi" type="simple" />
            <root url="jrt://C:/Java/JDK/jdk14!/jdk.dynalink" type="simple" />
            <root url="jrt://C:/Java/JDK/jdk14!/jdk.editpad" type="simple" />
            <root url="jrt://C:/Java/JDK/jdk14!/jdk.hotspot.agent" type="simple" />
            <root url="jrt://C:/Java/JDK/jdk14!/jdk.httpserver" type="simple" />
            <root url="jrt://C:/Java/JDK/jdk14!/jdk.incubator.foreign" type="simple" />
            <root url="jrt://C:/Java/JDK/jdk14!/jdk.incubator.jpackage" type="simple" />
            <root url="jrt://C:/Java/JDK/jdk14!/jdk.internal.ed" type="simple" />
            <root url="jrt://C:/Java/JDK/jdk14!/jdk.internal.jvmstat" type="simple" />
            <root url="jrt://C:/Java/JDK/jdk14!/jdk.internal.le" type="simple" />
            <root url="jrt://C:/Java/JDK/jdk14!/jdk.internal.opt" type="simple" />
            <root url="jrt://C:/Java/JDK/jdk14!/jdk.internal.vm.ci" type="simple" />
            <root url="jrt://C:/Java/JDK/jdk14!/jdk.internal.vm.compiler" type="simple" />
            <root url="jrt://C:/Java/JDK/jdk14!/jdk.internal.vm.compiler.management" type="simple" />
            <root url="jrt://C:/Java/JDK/jdk14!/jdk.jartool" type="simple" />
            <root url="jrt://C:/Java/JDK/jdk14!/jdk.javadoc" type="simple" />
            <root url="jrt://C:/Java/JDK/jdk14!/jdk.jcmd" type="simple" />
            <root url="jrt://C:/Java/JDK/jdk14!/jdk.jconsole" type="simple" />
            <root url="jrt://C:/Java/JDK/jdk14!/jdk.jdeps" type="simple" />
            <root url="jrt://C:/Java/JDK/jdk14!/jdk.jdi" type="simple" />
            <root url="jrt://C:/Java/JDK/jdk14!/jdk.jdwp.agent" type="simple" />
            <root url="jrt://C:/Java/JDK/jdk14!/jdk.jfr" type="simple" />
            <root url="jrt://C:/Java/JDK/jdk14!/jdk.jlink" type="simple" />
            <root url="jrt://C:/Java/JDK/jdk14!/jdk.jshell" type="simple" />
            <root url="jrt://C:/Java/JDK/jdk14!/jdk.jsobject" type="simple" />
            <root url="jrt://C:/Java/JDK/jdk14!/jdk.jstatd" type="simple" />
            <root url="jrt://C:/Java/JDK/jdk14!/jdk.localedata" type="simple" />
            <root url="jrt://C:/Java/JDK/jdk14!/jdk.management" type="simple" />
            <root url="jrt://C:/Java/JDK/jdk14!/jdk.management.agent" type="simple" />
            <root url="jrt://C:/Java/JDK/jdk14!/jdk.management.jfr" type="simple" />
            <root url="jrt://C:/Java/JDK/jdk14!/jdk.naming.dns" type="simple" />
            <root url="jrt://C:/Java/JDK/jdk14!/jdk.naming.rmi" type="simple" />
            <root url="jrt://C:/Java/JDK/jdk14!/jdk.net" type="simple" />
            <root url="jrt://C:/Java/JDK/jdk14!/jdk.nio.mapmode" type="simple" />
            <root url="jrt://C:/Java/JDK/jdk14!/jdk.rmic" type="simple" />
            <root url="jrt://C:/Java/JDK/jdk14!/jdk.scripting.nashorn" type="simple" />
            <root url="jrt://C:/Java/JDK/jdk14!/jdk.scripting.nashorn.shell" type="simple" />
            <root url="jrt://C:/Java/JDK/jdk14!/jdk.sctp" type="simple" />
            <root url="jrt://C:/Java/JDK/jdk14!/jdk.security.auth" type="simple" />
            <root url="jrt://C:/Java/JDK/jdk14!/jdk.security.jgss" type="simple" />
            <root url="jrt://C:/Java/JDK/jdk14!/jdk.unsupported" type="simple" />
            <root url="jrt://C:/Java/JDK/jdk14!/jdk.unsupported.desktop" type="simple" />
            <root url="jrt://C:/Java/JDK/jdk14!/jdk.xml.dom" type="simple" />
            <root url="jrt://C:/Java/JDK/jdk14!/jdk.zipfs" type="simple" />
          </root>
        </classPath>
        <javadocPath>
          <root type="composite" />
        </javadocPath>
        <sourcePath>
          <root type="composite">
            <root url="jar://C:/Java/JDK/jdk14/lib/src.zip!/java.se" type="simple" />
            <root url="jar://C:/Java/JDK/jdk14/lib/src.zip!/jdk.aot" type="simple" />
            <root url="jar://C:/Java/JDK/jdk14/lib/src.zip!/jdk.jdi" type="simple" />
            <root url="jar://C:/Java/JDK/jdk14/lib/src.zip!/jdk.jfr" type="simple" />
            <root url="jar://C:/Java/JDK/jdk14/lib/src.zip!/jdk.net" type="simple" />
            <root url="jar://C:/Java/JDK/jdk14/lib/src.zip!/java.rmi" type="simple" />
            <root url="jar://C:/Java/JDK/jdk14/lib/src.zip!/java.sql" type="simple" />
            <root url="jar://C:/Java/JDK/jdk14/lib/src.zip!/java.xml" type="simple" />
            <root url="jar://C:/Java/JDK/jdk14/lib/src.zip!/jdk.jcmd" type="simple" />
            <root url="jar://C:/Java/JDK/jdk14/lib/src.zip!/jdk.rmic" type="simple" />
            <root url="jar://C:/Java/JDK/jdk14/lib/src.zip!/jdk.sctp" type="simple" />
            <root url="jar://C:/Java/JDK/jdk14/lib/src.zip!/java.base" type="simple" />
            <root url="jar://C:/Java/JDK/jdk14/lib/src.zip!/jdk.jdeps" type="simple" />
            <root url="jar://C:/Java/JDK/jdk14/lib/src.zip!/jdk.jlink" type="simple" />
            <root url="jar://C:/Java/JDK/jdk14/lib/src.zip!/jdk.zipfs" type="simple" />
            <root url="jar://C:/Java/JDK/jdk14/lib/src.zip!/java.prefs" type="simple" />
            <root url="jar://C:/Java/JDK/jdk14/lib/src.zip!/jdk.attach" type="simple" />
            <root url="jar://C:/Java/JDK/jdk14/lib/src.zip!/jdk.jshell" type="simple" />
            <root url="jar://C:/Java/JDK/jdk14/lib/src.zip!/jdk.jstatd" type="simple" />
            <root url="jar://C:/Java/JDK/jdk14/lib/src.zip!/java.naming" type="simple" />
            <root url="jar://C:/Java/JDK/jdk14/lib/src.zip!/jdk.editpad" type="simple" />
            <root url="jar://C:/Java/JDK/jdk14/lib/src.zip!/jdk.jartool" type="simple" />
            <root url="jar://C:/Java/JDK/jdk14/lib/src.zip!/jdk.javadoc" type="simple" />
            <root url="jar://C:/Java/JDK/jdk14/lib/src.zip!/jdk.xml.dom" type="simple" />
            <root url="jar://C:/Java/JDK/jdk14/lib/src.zip!/java.desktop" type="simple" />
            <root url="jar://C:/Java/JDK/jdk14/lib/src.zip!/java.logging" type="simple" />
            <root url="jar://C:/Java/JDK/jdk14/lib/src.zip!/jdk.charsets" type="simple" />
            <root url="jar://C:/Java/JDK/jdk14/lib/src.zip!/jdk.compiler" type="simple" />
            <root url="jar://C:/Java/JDK/jdk14/lib/src.zip!/jdk.dynalink" type="simple" />
            <root url="jar://C:/Java/JDK/jdk14/lib/src.zip!/jdk.jconsole" type="simple" />
            <root url="jar://C:/Java/JDK/jdk14/lib/src.zip!/jdk.jsobject" type="simple" />
            <root url="jar://C:/Java/JDK/jdk14/lib/src.zip!/java.compiler" type="simple" />
            <root url="jar://C:/Java/JDK/jdk14/lib/src.zip!/java.net.http" type="simple" />
            <root url="jar://C:/Java/JDK/jdk14/lib/src.zip!/jdk.crypto.ec" type="simple" />
            <root url="jar://C:/Java/JDK/jdk14/lib/src.zip!/java.scripting" type="simple" />
            <root url="jar://C:/Java/JDK/jdk14/lib/src.zip!/jdk.httpserver" type="simple" />
            <root url="jar://C:/Java/JDK/jdk14/lib/src.zip!/jdk.jdwp.agent" type="simple" />
            <root url="jar://C:/Java/JDK/jdk14/lib/src.zip!/jdk.localedata" type="simple" />
            <root url="jar://C:/Java/JDK/jdk14/lib/src.zip!/jdk.management" type="simple" />
            <root url="jar://C:/Java/JDK/jdk14/lib/src.zip!/jdk.naming.dns" type="simple" />
            <root url="jar://C:/Java/JDK/jdk14/lib/src.zip!/jdk.naming.rmi" type="simple" />
            <root url="jar://C:/Java/JDK/jdk14/lib/src.zip!/java.instrument" type="simple" />
            <root url="jar://C:/Java/JDK/jdk14/lib/src.zip!/java.management" type="simple" />
            <root url="jar://C:/Java/JDK/jdk14/lib/src.zip!/java.sql.rowset" type="simple" />
            <root url="jar://C:/Java/JDK/jdk14/lib/src.zip!/java.xml.crypto" type="simple" />
            <root url="jar://C:/Java/JDK/jdk14/lib/src.zip!/jdk.internal.ed" type="simple" />
            <root url="jar://C:/Java/JDK/jdk14/lib/src.zip!/jdk.internal.le" type="simple" />
            <root url="jar://C:/Java/JDK/jdk14/lib/src.zip!/jdk.nio.mapmode" type="simple" />
            <root url="jar://C:/Java/JDK/jdk14/lib/src.zip!/jdk.unsupported" type="simple" />
            <root url="jar://C:/Java/JDK/jdk14/lib/src.zip!/java.smartcardio" type="simple" />
            <root url="jar://C:/Java/JDK/jdk14/lib/src.zip!/jdk.internal.opt" type="simple" />
            <root url="jar://C:/Java/JDK/jdk14/lib/src.zip!/java.datatransfer" type="simple" />
            <root url="jar://C:/Java/JDK/jdk14/lib/src.zip!/jdk.accessibility" type="simple" />
            <root url="jar://C:/Java/JDK/jdk14/lib/src.zip!/jdk.crypto.mscapi" type="simple" />
            <root url="jar://C:/Java/JDK/jdk14/lib/src.zip!/jdk.hotspot.agent" type="simple" />
            <root url="jar://C:/Java/JDK/jdk14/lib/src.zip!/jdk.security.auth" type="simple" />
            <root url="jar://C:/Java/JDK/jdk14/lib/src.zip!/jdk.security.jgss" type="simple" />
            <root url="jar://C:/Java/JDK/jdk14/lib/src.zip!/java.security.jgss" type="simple" />
            <root url="jar://C:/Java/JDK/jdk14/lib/src.zip!/java.security.sasl" type="simple" />
            <root url="jar://C:/Java/JDK/jdk14/lib/src.zip!/jdk.internal.vm.ci" type="simple" />
            <root url="jar://C:/Java/JDK/jdk14/lib/src.zip!/jdk.management.jfr" type="simple" />
            <root url="jar://C:/Java/JDK/jdk14/lib/src.zip!/java.management.rmi" type="simple" />
            <root url="jar://C:/Java/JDK/jdk14/lib/src.zip!/java.transaction.xa" type="simple" />
            <root url="jar://C:/Java/JDK/jdk14/lib/src.zip!/jdk.crypto.cryptoki" type="simple" />
            <root url="jar://C:/Java/JDK/jdk14/lib/src.zip!/jdk.internal.jvmstat" type="simple" />
            <root url="jar://C:/Java/JDK/jdk14/lib/src.zip!/jdk.management.agent" type="simple" />
            <root url="jar://C:/Java/JDK/jdk14/lib/src.zip!/jdk.incubator.foreign" type="simple" />
            <root url="jar://C:/Java/JDK/jdk14/lib/src.zip!/jdk.scripting.nashorn" type="simple" />
            <root url="jar://C:/Java/JDK/jdk14/lib/src.zip!/jdk.incubator.jpackage" type="simple" />
            <root url="jar://C:/Java/JDK/jdk14/lib/src.zip!/jdk.unsupported.desktop" type="simple" />
            <root url="jar://C:/Java/JDK/jdk14/lib/src.zip!/jdk.internal.vm.compiler" type="simple" />
            <root url="jar://C:/Java/JDK/jdk14/lib/src.zip!/jdk.scripting.nashorn.shell" type="simple" />
            <root url="jar://C:/Java/JDK/jdk14/lib/src.zip!/jdk.internal.vm.compiler.management" type="simple" />
          </root>
        </sourcePath>
      </roots>
      <additional />
    </jdk>
    <jdk version="2">
      <name value="11" />
      <type value="JavaSDK" />
      <version value="java version &quot;11.0.7&quot;" />
      <homePath value="C:/Java/JDK/jdk11" />
      <roots>
        <annotationsPath>
          <root type="composite">
            <root url="jar://$APPLICATION_HOME_DIR$/plugins/java/lib/jdkAnnotations.jar!/" type="simple" />
          </root>
        </annotationsPath>
        <classPath>
          <root type="composite">
            <root url="jrt://C:/Java/JDK/jdk11!/java.base" type="simple" />
            <root url="jrt://C:/Java/JDK/jdk11!/java.compiler" type="simple" />
            <root url="jrt://C:/Java/JDK/jdk11!/java.datatransfer" type="simple" />
            <root url="jrt://C:/Java/JDK/jdk11!/java.desktop" type="simple" />
            <root url="jrt://C:/Java/JDK/jdk11!/java.instrument" type="simple" />
            <root url="jrt://C:/Java/JDK/jdk11!/java.logging" type="simple" />
            <root url="jrt://C:/Java/JDK/jdk11!/java.management" type="simple" />
            <root url="jrt://C:/Java/JDK/jdk11!/java.management.rmi" type="simple" />
            <root url="jrt://C:/Java/JDK/jdk11!/java.naming" type="simple" />
            <root url="jrt://C:/Java/JDK/jdk11!/java.net.http" type="simple" />
            <root url="jrt://C:/Java/JDK/jdk11!/java.prefs" type="simple" />
            <root url="jrt://C:/Java/JDK/jdk11!/java.rmi" type="simple" />
            <root url="jrt://C:/Java/JDK/jdk11!/java.scripting" type="simple" />
            <root url="jrt://C:/Java/JDK/jdk11!/java.se" type="simple" />
            <root url="jrt://C:/Java/JDK/jdk11!/java.security.jgss" type="simple" />
            <root url="jrt://C:/Java/JDK/jdk11!/java.security.sasl" type="simple" />
            <root url="jrt://C:/Java/JDK/jdk11!/java.smartcardio" type="simple" />
            <root url="jrt://C:/Java/JDK/jdk11!/java.sql" type="simple" />
            <root url="jrt://C:/Java/JDK/jdk11!/java.sql.rowset" type="simple" />
            <root url="jrt://C:/Java/JDK/jdk11!/java.transaction.xa" type="simple" />
            <root url="jrt://C:/Java/JDK/jdk11!/java.xml" type="simple" />
            <root url="jrt://C:/Java/JDK/jdk11!/java.xml.crypto" type="simple" />
            <root url="jrt://C:/Java/JDK/jdk11!/jdk.accessibility" type="simple" />
            <root url="jrt://C:/Java/JDK/jdk11!/jdk.aot" type="simple" />
            <root url="jrt://C:/Java/JDK/jdk11!/jdk.attach" type="simple" />
            <root url="jrt://C:/Java/JDK/jdk11!/jdk.charsets" type="simple" />
            <root url="jrt://C:/Java/JDK/jdk11!/jdk.compiler" type="simple" />
            <root url="jrt://C:/Java/JDK/jdk11!/jdk.crypto.cryptoki" type="simple" />
            <root url="jrt://C:/Java/JDK/jdk11!/jdk.crypto.ec" type="simple" />
            <root url="jrt://C:/Java/JDK/jdk11!/jdk.crypto.mscapi" type="simple" />
            <root url="jrt://C:/Java/JDK/jdk11!/jdk.dynalink" type="simple" />
            <root url="jrt://C:/Java/JDK/jdk11!/jdk.editpad" type="simple" />
            <root url="jrt://C:/Java/JDK/jdk11!/jdk.hotspot.agent" type="simple" />
            <root url="jrt://C:/Java/JDK/jdk11!/jdk.httpserver" type="simple" />
            <root url="jrt://C:/Java/JDK/jdk11!/jdk.internal.ed" type="simple" />
            <root url="jrt://C:/Java/JDK/jdk11!/jdk.internal.jvmstat" type="simple" />
            <root url="jrt://C:/Java/JDK/jdk11!/jdk.internal.le" type="simple" />
            <root url="jrt://C:/Java/JDK/jdk11!/jdk.internal.opt" type="simple" />
            <root url="jrt://C:/Java/JDK/jdk11!/jdk.internal.vm.ci" type="simple" />
            <root url="jrt://C:/Java/JDK/jdk11!/jdk.internal.vm.compiler" type="simple" />
            <root url="jrt://C:/Java/JDK/jdk11!/jdk.internal.vm.compiler.management" type="simple" />
            <root url="jrt://C:/Java/JDK/jdk11!/jdk.jartool" type="simple" />
            <root url="jrt://C:/Java/JDK/jdk11!/jdk.javadoc" type="simple" />
            <root url="jrt://C:/Java/JDK/jdk11!/jdk.jcmd" type="simple" />
            <root url="jrt://C:/Java/JDK/jdk11!/jdk.jconsole" type="simple" />
            <root url="jrt://C:/Java/JDK/jdk11!/jdk.jdeps" type="simple" />
            <root url="jrt://C:/Java/JDK/jdk11!/jdk.jdi" type="simple" />
            <root url="jrt://C:/Java/JDK/jdk11!/jdk.jdwp.agent" type="simple" />
            <root url="jrt://C:/Java/JDK/jdk11!/jdk.jfr" type="simple" />
            <root url="jrt://C:/Java/JDK/jdk11!/jdk.jlink" type="simple" />
            <root url="jrt://C:/Java/JDK/jdk11!/jdk.jshell" type="simple" />
            <root url="jrt://C:/Java/JDK/jdk11!/jdk.jsobject" type="simple" />
            <root url="jrt://C:/Java/JDK/jdk11!/jdk.jstatd" type="simple" />
            <root url="jrt://C:/Java/JDK/jdk11!/jdk.localedata" type="simple" />
            <root url="jrt://C:/Java/JDK/jdk11!/jdk.management" type="simple" />
            <root url="jrt://C:/Java/JDK/jdk11!/jdk.management.agent" type="simple" />
            <root url="jrt://C:/Java/JDK/jdk11!/jdk.management.jfr" type="simple" />
            <root url="jrt://C:/Java/JDK/jdk11!/jdk.naming.dns" type="simple" />
            <root url="jrt://C:/Java/JDK/jdk11!/jdk.naming.rmi" type="simple" />
            <root url="jrt://C:/Java/JDK/jdk11!/jdk.net" type="simple" />
            <root url="jrt://C:/Java/JDK/jdk11!/jdk.pack" type="simple" />
            <root url="jrt://C:/Java/JDK/jdk11!/jdk.rmic" type="simple" />
            <root url="jrt://C:/Java/JDK/jdk11!/jdk.scripting.nashorn" type="simple" />
            <root url="jrt://C:/Java/JDK/jdk11!/jdk.scripting.nashorn.shell" type="simple" />
            <root url="jrt://C:/Java/JDK/jdk11!/jdk.sctp" type="simple" />
            <root url="jrt://C:/Java/JDK/jdk11!/jdk.security.auth" type="simple" />
            <root url="jrt://C:/Java/JDK/jdk11!/jdk.security.jgss" type="simple" />
            <root url="jrt://C:/Java/JDK/jdk11!/jdk.unsupported" type="simple" />
            <root url="jrt://C:/Java/JDK/jdk11!/jdk.unsupported.desktop" type="simple" />
            <root url="jrt://C:/Java/JDK/jdk11!/jdk.xml.dom" type="simple" />
            <root url="jrt://C:/Java/JDK/jdk11!/jdk.zipfs" type="simple" />
          </root>
        </classPath>
        <javadocPath>
          <root type="composite" />
        </javadocPath>
        <sourcePath>
          <root type="composite">
            <root url="jar://C:/Java/JDK/jdk11/lib/src.zip!/java.se" type="simple" />
            <root url="jar://C:/Java/JDK/jdk11/lib/src.zip!/jdk.aot" type="simple" />
            <root url="jar://C:/Java/JDK/jdk11/lib/src.zip!/jdk.jdi" type="simple" />
            <root url="jar://C:/Java/JDK/jdk11/lib/src.zip!/jdk.jfr" type="simple" />
            <root url="jar://C:/Java/JDK/jdk11/lib/src.zip!/jdk.net" type="simple" />
            <root url="jar://C:/Java/JDK/jdk11/lib/src.zip!/java.rmi" type="simple" />
            <root url="jar://C:/Java/JDK/jdk11/lib/src.zip!/java.sql" type="simple" />
            <root url="jar://C:/Java/JDK/jdk11/lib/src.zip!/java.xml" type="simple" />
            <root url="jar://C:/Java/JDK/jdk11/lib/src.zip!/jdk.jcmd" type="simple" />
            <root url="jar://C:/Java/JDK/jdk11/lib/src.zip!/jdk.pack" type="simple" />
            <root url="jar://C:/Java/JDK/jdk11/lib/src.zip!/jdk.rmic" type="simple" />
            <root url="jar://C:/Java/JDK/jdk11/lib/src.zip!/jdk.sctp" type="simple" />
            <root url="jar://C:/Java/JDK/jdk11/lib/src.zip!/java.base" type="simple" />
            <root url="jar://C:/Java/JDK/jdk11/lib/src.zip!/jdk.jdeps" type="simple" />
            <root url="jar://C:/Java/JDK/jdk11/lib/src.zip!/jdk.jlink" type="simple" />
            <root url="jar://C:/Java/JDK/jdk11/lib/src.zip!/jdk.zipfs" type="simple" />
            <root url="jar://C:/Java/JDK/jdk11/lib/src.zip!/java.prefs" type="simple" />
            <root url="jar://C:/Java/JDK/jdk11/lib/src.zip!/jdk.attach" type="simple" />
            <root url="jar://C:/Java/JDK/jdk11/lib/src.zip!/jdk.jshell" type="simple" />
            <root url="jar://C:/Java/JDK/jdk11/lib/src.zip!/jdk.jstatd" type="simple" />
            <root url="jar://C:/Java/JDK/jdk11/lib/src.zip!/java.naming" type="simple" />
            <root url="jar://C:/Java/JDK/jdk11/lib/src.zip!/jdk.editpad" type="simple" />
            <root url="jar://C:/Java/JDK/jdk11/lib/src.zip!/jdk.jartool" type="simple" />
            <root url="jar://C:/Java/JDK/jdk11/lib/src.zip!/jdk.javadoc" type="simple" />
            <root url="jar://C:/Java/JDK/jdk11/lib/src.zip!/jdk.xml.dom" type="simple" />
            <root url="jar://C:/Java/JDK/jdk11/lib/src.zip!/java.desktop" type="simple" />
            <root url="jar://C:/Java/JDK/jdk11/lib/src.zip!/java.logging" type="simple" />
            <root url="jar://C:/Java/JDK/jdk11/lib/src.zip!/jdk.charsets" type="simple" />
            <root url="jar://C:/Java/JDK/jdk11/lib/src.zip!/jdk.compiler" type="simple" />
            <root url="jar://C:/Java/JDK/jdk11/lib/src.zip!/jdk.dynalink" type="simple" />
            <root url="jar://C:/Java/JDK/jdk11/lib/src.zip!/jdk.jconsole" type="simple" />
            <root url="jar://C:/Java/JDK/jdk11/lib/src.zip!/jdk.jsobject" type="simple" />
            <root url="jar://C:/Java/JDK/jdk11/lib/src.zip!/java.compiler" type="simple" />
            <root url="jar://C:/Java/JDK/jdk11/lib/src.zip!/java.net.http" type="simple" />
            <root url="jar://C:/Java/JDK/jdk11/lib/src.zip!/jdk.crypto.ec" type="simple" />
            <root url="jar://C:/Java/JDK/jdk11/lib/src.zip!/java.scripting" type="simple" />
            <root url="jar://C:/Java/JDK/jdk11/lib/src.zip!/jdk.httpserver" type="simple" />
            <root url="jar://C:/Java/JDK/jdk11/lib/src.zip!/jdk.jdwp.agent" type="simple" />
            <root url="jar://C:/Java/JDK/jdk11/lib/src.zip!/jdk.localedata" type="simple" />
            <root url="jar://C:/Java/JDK/jdk11/lib/src.zip!/jdk.management" type="simple" />
            <root url="jar://C:/Java/JDK/jdk11/lib/src.zip!/jdk.naming.dns" type="simple" />
            <root url="jar://C:/Java/JDK/jdk11/lib/src.zip!/jdk.naming.rmi" type="simple" />
            <root url="jar://C:/Java/JDK/jdk11/lib/src.zip!/java.instrument" type="simple" />
            <root url="jar://C:/Java/JDK/jdk11/lib/src.zip!/java.management" type="simple" />
            <root url="jar://C:/Java/JDK/jdk11/lib/src.zip!/java.sql.rowset" type="simple" />
            <root url="jar://C:/Java/JDK/jdk11/lib/src.zip!/java.xml.crypto" type="simple" />
            <root url="jar://C:/Java/JDK/jdk11/lib/src.zip!/jdk.internal.ed" type="simple" />
            <root url="jar://C:/Java/JDK/jdk11/lib/src.zip!/jdk.internal.le" type="simple" />
            <root url="jar://C:/Java/JDK/jdk11/lib/src.zip!/jdk.unsupported" type="simple" />
            <root url="jar://C:/Java/JDK/jdk11/lib/src.zip!/java.smartcardio" type="simple" />
            <root url="jar://C:/Java/JDK/jdk11/lib/src.zip!/jdk.internal.opt" type="simple" />
            <root url="jar://C:/Java/JDK/jdk11/lib/src.zip!/java.datatransfer" type="simple" />
            <root url="jar://C:/Java/JDK/jdk11/lib/src.zip!/jdk.accessibility" type="simple" />
            <root url="jar://C:/Java/JDK/jdk11/lib/src.zip!/jdk.crypto.mscapi" type="simple" />
            <root url="jar://C:/Java/JDK/jdk11/lib/src.zip!/jdk.hotspot.agent" type="simple" />
            <root url="jar://C:/Java/JDK/jdk11/lib/src.zip!/jdk.security.auth" type="simple" />
            <root url="jar://C:/Java/JDK/jdk11/lib/src.zip!/jdk.security.jgss" type="simple" />
            <root url="jar://C:/Java/JDK/jdk11/lib/src.zip!/java.security.jgss" type="simple" />
            <root url="jar://C:/Java/JDK/jdk11/lib/src.zip!/java.security.sasl" type="simple" />
            <root url="jar://C:/Java/JDK/jdk11/lib/src.zip!/jdk.internal.vm.ci" type="simple" />
            <root url="jar://C:/Java/JDK/jdk11/lib/src.zip!/jdk.management.jfr" type="simple" />
            <root url="jar://C:/Java/JDK/jdk11/lib/src.zip!/java.management.rmi" type="simple" />
            <root url="jar://C:/Java/JDK/jdk11/lib/src.zip!/java.transaction.xa" type="simple" />
            <root url="jar://C:/Java/JDK/jdk11/lib/src.zip!/jdk.crypto.cryptoki" type="simple" />
            <root url="jar://C:/Java/JDK/jdk11/lib/src.zip!/jdk.internal.jvmstat" type="simple" />
            <root url="jar://C:/Java/JDK/jdk11/lib/src.zip!/jdk.management.agent" type="simple" />
            <root url="jar://C:/Java/JDK/jdk11/lib/src.zip!/jdk.scripting.nashorn" type="simple" />
            <root url="jar://C:/Java/JDK/jdk11/lib/src.zip!/jdk.unsupported.desktop" type="simple" />
            <root url="jar://C:/Java/JDK/jdk11/lib/src.zip!/jdk.internal.vm.compiler" type="simple" />
            <root url="jar://C:/Java/JDK/jdk11/lib/src.zip!/jdk.scripting.nashorn.shell" type="simple" />
            <root url="jar://C:/Java/JDK/jdk11/lib/src.zip!/jdk.internal.vm.compiler.management" type="simple" />
          </root>
        </sourcePath>
      </roots>
      <additional />
    </jdk>
    <jdk version="2">
      <name value="Python 3.8" />
      <type value="Python SDK" />
      <version value="Python 3.8.5" />
      <homePath value="C:\Java\Python\python.exe" />
      <roots>
        <annotationsPath>
          <root type="composite" />
        </annotationsPath>
        <classPath>
          <root type="composite">
            <root url="file://C:/Java/Python/DLLs" type="simple" />
            <root url="file://C:/Java/Python/Lib" type="simple" />
            <root url="file://C:/Java/Python" type="simple" />
            <root url="file://C:/Java/Python/Lib/site-packages" type="simple" />
            <root url="file://C:/Java/IntelliJIdea/system/python_stubs/1693373214" type="simple" />
            <root url="file://$APPLICATION_PLUGINS_DIR$/python/helpers/python-skeletons" type="simple" />
            <root url="file://$APPLICATION_PLUGINS_DIR$/python/helpers/typeshed/stdlib" type="simple" />
            <root url="file://$APPLICATION_PLUGINS_DIR$/python/helpers/typeshed/stubs/jwt" type="simple" />
            <root url="file://$APPLICATION_PLUGINS_DIR$/python/helpers/typeshed/stubs/six" type="simple" />
            <root url="file://$APPLICATION_PLUGINS_DIR$/python/helpers/typeshed/stubs/mock" type="simple" />
            <root url="file://$APPLICATION_PLUGINS_DIR$/python/helpers/typeshed/stubs/nmap" type="simple" />
            <root url="file://$APPLICATION_PLUGINS_DIR$/python/helpers/typeshed/stubs/annoy" type="simple" />
            <root url="file://$APPLICATION_PLUGINS_DIR$/python/helpers/typeshed/stubs/attrs" type="simple" />
            <root url="file://$APPLICATION_PLUGINS_DIR$/python/helpers/typeshed/stubs/polib" type="simple" />
            <root url="file://$APPLICATION_PLUGINS_DIR$/python/helpers/typeshed/stubs/retry" type="simple" />
            <root url="file://$APPLICATION_PLUGINS_DIR$/python/helpers/typeshed/stubs/docopt" type="simple" />
            <root url="file://$APPLICATION_PLUGINS_DIR$/python/helpers/typeshed/stubs/enum34" type="simple" />
            <root url="file://$APPLICATION_PLUGINS_DIR$/python/helpers/typeshed/stubs/orjson" type="simple" />
            <root url="file://$APPLICATION_PLUGINS_DIR$/python/helpers/typeshed/stubs/pysftp" type="simple" />
            <root url="file://$APPLICATION_PLUGINS_DIR$/python/helpers/typeshed/stubs/xxhash" type="simple" />
            <root url="file://$APPLICATION_PLUGINS_DIR$/python/helpers/typeshed/stubs/chardet" type="simple" />
            <root url="file://$APPLICATION_PLUGINS_DIR$/python/helpers/typeshed/stubs/futures" type="simple" />
            <root url="file://$APPLICATION_PLUGINS_DIR$/python/helpers/typeshed/stubs/pyaudio" type="simple" />
            <root url="file://$APPLICATION_PLUGINS_DIR$/python/helpers/typeshed/stubs/tzlocal" type="simple" />
            <root url="file://$APPLICATION_PLUGINS_DIR$/python/helpers/typeshed/stubs/aiofiles" type="simple" />
            <root url="file://$APPLICATION_PLUGINS_DIR$/python/helpers/typeshed/stubs/colorama" type="simple" />
            <root url="file://$APPLICATION_PLUGINS_DIR$/python/helpers/typeshed/stubs/filelock" type="simple" />
            <root url="file://$APPLICATION_PLUGINS_DIR$/python/helpers/typeshed/stubs/Markdown" type="simple" />
            <root url="file://$APPLICATION_PLUGINS_DIR$/python/helpers/typeshed/stubs/paramiko" type="simple" />
            <root url="file://$APPLICATION_PLUGINS_DIR$/python/helpers/typeshed/stubs/pathlib2" type="simple" />
            <root url="file://$APPLICATION_PLUGINS_DIR$/python/helpers/typeshed/stubs/requests" type="simple" />
            <root url="file://$APPLICATION_PLUGINS_DIR$/python/helpers/typeshed/stubs/waitress" type="simple" />
            <root url="file://$APPLICATION_PLUGINS_DIR$/python/helpers/typeshed/stubs/Werkzeug" type="simple" />
            <root url="file://$APPLICATION_PLUGINS_DIR$/python/helpers/typeshed/stubs/freezegun" type="simple" />
            <root url="file://$APPLICATION_PLUGINS_DIR$/python/helpers/typeshed/stubs/ipaddress" type="simple" />
            <root url="file://$APPLICATION_PLUGINS_DIR$/python/helpers/typeshed/stubs/pyRFC3339" type="simple" />
            <root url="file://$APPLICATION_PLUGINS_DIR$/python/helpers/typeshed/stubs/typed-ast" type="simple" />
            <root url="file://$APPLICATION_PLUGINS_DIR$/python/helpers/typeshed/stubs/cachetools" type="simple" />
            <root url="file://$APPLICATION_PLUGINS_DIR$/python/helpers/typeshed/stubs/Deprecated" type="simple" />
            <root url="file://$APPLICATION_PLUGINS_DIR$/python/helpers/typeshed/stubs/frozendict" type="simple" />
            <root url="file://$APPLICATION_PLUGINS_DIR$/python/helpers/typeshed/stubs/pyfarmhash" type="simple" />
            <root url="file://$APPLICATION_PLUGINS_DIR$/python/helpers/typeshed/stubs/contextvars" type="simple" />
            <root url="file://$APPLICATION_PLUGINS_DIR$/python/helpers/typeshed/stubs/JACK-Client" type="simple" />
            <root url="file://$APPLICATION_PLUGINS_DIR$/python/helpers/typeshed/stubs/atomicwrites" type="simple" />
            <root url="file://$APPLICATION_PLUGINS_DIR$/python/helpers/typeshed/stubs/cryptography" type="simple" />
            <root url="file://$APPLICATION_PLUGINS_DIR$/python/helpers/typeshed/stubs/click-spinner" type="simple" />
            <root url="file://$APPLICATION_PLUGINS_DIR$/python/helpers/typeshed/stubs/DateTimeRange" type="simple" />
            <root url="file://$APPLICATION_PLUGINS_DIR$/python/helpers/typeshed/stubs/pkg_resources" type="simple" />
            <root url="file://$APPLICATION_PLUGINS_DIR$/python/helpers/typeshed/stubs/python-gflags" type="simple" />
            <root url="file://$APPLICATION_PLUGINS_DIR$/python/helpers/typeshed/stubs/python-slugify" type="simple" />
            <root url="file://$APPLICATION_PLUGINS_DIR$/python/helpers/typeshed/stubs/python-dateutil" type="simple" />
          </root>
        </classPath>
        <javadocPath>
          <root type="composite" />
        </javadocPath>
        <sourcePath>
          <root type="composite" />
        </sourcePath>
      </roots>
      <additional />
    </jdk>
    <jdk version="2">
      <name value="Android API 28 Platform" />
      <type value="Android SDK" />
      <version value="java version &quot;11.0.7&quot;" />
      <homePath value="C:/Java/Android/SDK" />
      <roots>
        <annotationsPath>
          <root type="composite">
            <root url="jar://C:/Java/Android/SDK/platforms/android-28/data/annotations.zip!/" type="simple" />
          </root>
        </annotationsPath>
        <classPath>
          <root type="composite">
            <root url="jar://C:/Java/Android/SDK/platforms/android-28/android.jar!/" type="simple" />
            <root url="file://C:/Java/Android/SDK/platforms/android-28/data/res" type="simple" />
          </root>
        </classPath>
        <javadocPath>
          <root type="composite">
            <root url="http://developer.android.com/reference/" type="simple" />
          </root>
        </javadocPath>
        <sourcePath>
          <root type="composite" />
        </sourcePath>
      </roots>
      <additional jdk="11" sdk="android-28" />
    </jdk>
    <jdk version="2">
      <name value="Android API 29 Platform" />
      <type value="Android SDK" />
      <version value="java version &quot;11.0.7&quot;" />
      <homePath value="C:/Java/Android/SDK" />
      <roots>
        <annotationsPath>
          <root type="composite">
            <root url="jar://C:/Java/Android/SDK/platforms/android-29/data/annotations.zip!/" type="simple" />
          </root>
        </annotationsPath>
        <classPath>
          <root type="composite">
            <root url="jar://C:/Java/Android/SDK/platforms/android-29/android.jar!/" type="simple" />
            <root url="file://C:/Java/Android/SDK/platforms/android-29/data/res" type="simple" />
          </root>
        </classPath>
        <javadocPath>
          <root type="composite" />
        </javadocPath>
        <sourcePath>
          <root type="composite">
            <root url="file://C:/Java/Android/SDK/sources/android-29" type="simple" />
          </root>
        </sourcePath>
      </roots>
      <additional jdk="11" sdk="android-29" />
    </jdk>
    <jdk version="2">
      <name value="Android API 30 Platform" />
      <type value="Android SDK" />
      <version value="java version &quot;11.0.7&quot;" />
      <homePath value="C:/Java/Android/SDK" />
      <roots>
        <annotationsPath>
          <root type="composite">
            <root url="jar://C:/Java/Android/SDK/platforms/android-30/data/annotations.zip!/" type="simple" />
          </root>
        </annotationsPath>
        <classPath>
          <root type="composite">
            <root url="jar://C:/Java/Android/SDK/platforms/android-30/android.jar!/" type="simple" />
            <root url="file://C:/Java/Android/SDK/platforms/android-30/data/res" type="simple" />
          </root>
        </classPath>
        <javadocPath>
          <root type="composite" />
        </javadocPath>
        <sourcePath>
          <root type="composite">
            <root url="file://C:/Java/Android/SDK/sources/android-30" type="simple" />
          </root>
        </sourcePath>
      </roots>
      <additional jdk="11" sdk="android-30" />
    </jdk>
    <jdk version="2">
      <name value="IntelliJ IDEA IU-212.4746.92" />
      <type value="IDEA JDK" />
      <homePath value="$APPLICATION_HOME_DIR$" />
      <roots>
        <annotationsPath>
          <root type="composite">
            <root url="jar://$USER_HOME$/.m2/repository/com/jetbrains/intellij/idea/ideaIU/212.5712.43/ideaIU-212.5712.43-annotations.zip!/" type="simple" />
            <root url="jar://$APPLICATION_HOME_DIR$/plugins/java/lib/jdkAnnotations.jar!/" type="simple" />
          </root>
        </annotationsPath>
        <classPath>
          <root type="composite">
            <root url="jar://$APPLICATION_HOME_DIR$/lib/3rd-party.jar!/" type="simple" />
            <root url="jar://$APPLICATION_HOME_DIR$/lib/annotations.jar!/" type="simple" />
            <root url="jar://$APPLICATION_HOME_DIR$/lib/async-profiler-2.1-ea-2.jar!/" type="simple" />
            <root url="jar://$APPLICATION_HOME_DIR$/lib/async-profiler-windows-1.8.3-5.jar!/" type="simple" />
            <root url="jar://$APPLICATION_HOME_DIR$/lib/bootstrap.jar!/" type="simple" />
            <root url="jar://$APPLICATION_HOME_DIR$/lib/byte-buddy-agent-1.10.1.jar!/" type="simple" />
            <root url="jar://$APPLICATION_HOME_DIR$/lib/coverage-common.jar!/" type="simple" />
            <root url="jar://$APPLICATION_HOME_DIR$/lib/dexlib2.jar!/" type="simple" />
            <root url="jar://$APPLICATION_HOME_DIR$/lib/dom-impl.jar!/" type="simple" />
            <root url="jar://$APPLICATION_HOME_DIR$/lib/dom-openapi.jar!/" type="simple" />
            <root url="jar://$APPLICATION_HOME_DIR$/lib/error_prone_annotations-2.3.1.jar!/" type="simple" />
            <root url="jar://$APPLICATION_HOME_DIR$/lib/external-system-rt.jar!/" type="simple" />
            <root url="jar://$APPLICATION_HOME_DIR$/lib/find-action-model-0.0.3.jar!/" type="simple" />
            <root url="jar://$APPLICATION_HOME_DIR$/lib/forms_rt.jar!/" type="simple" />
            <root url="jar://$APPLICATION_HOME_DIR$/lib/grazie-spellchecker-0.1.9.jar!/" type="simple" />
            <root url="jar://$APPLICATION_HOME_DIR$/lib/groovy-2.5.14.jar!/" type="simple" />
            <root url="jar://$APPLICATION_HOME_DIR$/lib/groovy-json-2.5.14.jar!/" type="simple" />
            <root url="jar://$APPLICATION_HOME_DIR$/lib/groovy-jsr223-2.5.14.jar!/" type="simple" />
            <root url="jar://$APPLICATION_HOME_DIR$/lib/groovy-templates-2.5.14.jar!/" type="simple" />
            <root url="jar://$APPLICATION_HOME_DIR$/lib/groovy-xml-2.5.14.jar!/" type="simple" />
            <root url="jar://$APPLICATION_HOME_DIR$/lib/grpc-netty-shaded-1.34.1.jar!/" type="simple" />
            <root url="jar://$APPLICATION_HOME_DIR$/lib/idea.jar!/" type="simple" />
            <root url="jar://$APPLICATION_HOME_DIR$/lib/idea_rt.jar!/" type="simple" />
            <root url="jar://$APPLICATION_HOME_DIR$/lib/intellij-coverage-agent-1.0.589.jar!/" type="simple" />
            <root url="jar://$APPLICATION_HOME_DIR$/lib/intellij-test-discovery-agent-1.0.589.jar!/" type="simple" />
            <root url="jar://$APPLICATION_HOME_DIR$/lib/isorelax-20030108.jar!/" type="simple" />
            <root url="jar://$APPLICATION_HOME_DIR$/lib/java-string-similarity-2.0.0.jar!/" type="simple" />
            <root url="jar://$APPLICATION_HOME_DIR$/lib/jdkAnnotations.jar!/" type="simple" />
            <root url="jar://$APPLICATION_HOME_DIR$/lib/jing-20030619.jar!/" type="simple" />
            <root url="jar://$APPLICATION_HOME_DIR$/lib/jmc-common-8.0.0-7.jar!/" type="simple" />
            <root url="jar://$APPLICATION_HOME_DIR$/lib/jmc-flightrecorder-8.0.0-7.jar!/" type="simple" />
            <root url="jar://$APPLICATION_HOME_DIR$/lib/jna-platform.jar!/" type="simple" />
            <root url="jar://$APPLICATION_HOME_DIR$/lib/jna.jar!/" type="simple" />
            <root url="jar://$APPLICATION_HOME_DIR$/lib/jps-model.jar!/" type="simple" />
            <root url="jar://$APPLICATION_HOME_DIR$/lib/jshell-frontend.jar!/" type="simple" />
            <root url="jar://$APPLICATION_HOME_DIR$/lib/jsp-base-openapi.jar!/" type="simple" />
            <root url="jar://$APPLICATION_HOME_DIR$/lib/junit4.jar!/" type="simple" />
            <root url="jar://$APPLICATION_HOME_DIR$/lib/junixsocket-core.jar!/" type="simple" />
            <root url="jar://$APPLICATION_HOME_DIR$/lib/kotlin-gradle-plugin-model-1.4.32.jar!/" type="simple" />
            <root url="jar://$APPLICATION_HOME_DIR$/lib/kotlin-reflect-1.5.10-release-896.jar!/" type="simple" />
            <root url="jar://$APPLICATION_HOME_DIR$/lib/kotlin-stdlib-jdk8.jar!/" type="simple" />
            <root url="jar://$APPLICATION_HOME_DIR$/lib/kotlin-test.jar!/" type="simple" />
            <root url="jar://$APPLICATION_HOME_DIR$/lib/kotlinx-coroutines-debug-1.5.0.jar!/" type="simple" />
            <root url="jar://$APPLICATION_HOME_DIR$/lib/kotlinx-coroutines-jdk8.jar!/" type="simple" />
            <root url="jar://$APPLICATION_HOME_DIR$/lib/kotlinx-serialization-core-jvm-1.1.0.jar!/" type="simple" />
            <root url="jar://$APPLICATION_HOME_DIR$/lib/kotlinx-serialization-json-jvm-1.1.0.jar!/" type="simple" />
            <root url="jar://$APPLICATION_HOME_DIR$/lib/openapi.jar!/" type="simple" />
            <root url="jar://$APPLICATION_HOME_DIR$/lib/platform-api.jar!/" type="simple" />
            <root url="jar://$APPLICATION_HOME_DIR$/lib/platform-impl.jar!/" type="simple" />
            <root url="jar://$APPLICATION_HOME_DIR$/lib/platform-objectSerializer-annotations.jar!/" type="simple" />
            <root url="jar://$APPLICATION_HOME_DIR$/lib/platform-statistics-devkit.jar!/" type="simple" />
            <root url="jar://$APPLICATION_HOME_DIR$/lib/protobuf-java-3.15.8.jar!/" type="simple" />
            <root url="jar://$APPLICATION_HOME_DIR$/lib/pty4j.jar!/" type="simple" />
            <root url="jar://$APPLICATION_HOME_DIR$/lib/rd-core-0.212.307.jar!/" type="simple" />
            <root url="jar://$APPLICATION_HOME_DIR$/lib/rd-framework-0.212.307.jar!/" type="simple" />
            <root url="jar://$APPLICATION_HOME_DIR$/lib/rd-swing-0.212.307.jar!/" type="simple" />
            <root url="jar://$APPLICATION_HOME_DIR$/lib/rngom-20051226-patched.jar!/" type="simple" />
            <root url="jar://$APPLICATION_HOME_DIR$/lib/slf4j.jar!/" type="simple" />
            <root url="jar://$APPLICATION_HOME_DIR$/lib/sqlite-jdbc-3.34.0.jar!/" type="simple" />
            <root url="jar://$APPLICATION_HOME_DIR$/lib/stats.jar!/" type="simple" />
            <root url="jar://$APPLICATION_HOME_DIR$/lib/testFramework-java.jar!/" type="simple" />
            <root url="jar://$APPLICATION_HOME_DIR$/lib/testFramework.core.jar!/" type="simple" />
            <root url="jar://$APPLICATION_HOME_DIR$/lib/testFramework.jar!/" type="simple" />
            <root url="jar://$APPLICATION_HOME_DIR$/lib/tests_bootstrap.jar!/" type="simple" />
            <root url="jar://$APPLICATION_HOME_DIR$/lib/tips-intellij-idea-212.40.jar!/" type="simple" />
            <root url="jar://$APPLICATION_HOME_DIR$/lib/trang-core.jar!/" type="simple" />
            <root url="jar://$APPLICATION_HOME_DIR$/lib/uast-tests.jar!/" type="simple" />
            <root url="jar://$APPLICATION_HOME_DIR$/lib/util.jar!/" type="simple" />
            <root url="jar://$APPLICATION_HOME_DIR$/lib/winp-1.28.jar!/" type="simple" />
            <root url="jar://$APPLICATION_HOME_DIR$/lib/xmlbeans-4.0.0.jar!/" type="simple" />
            <root url="jar://$APPLICATION_HOME_DIR$/plugins/java/lib/aether-dependency-resolver.jar!/" type="simple" />
            <root url="jar://$APPLICATION_HOME_DIR$/plugins/java/lib/completion-ranking-java-0.3.4.jar!/" type="simple" />
            <root url="jar://$APPLICATION_HOME_DIR$/plugins/java/lib/debugger-memory-agent-1.0.32.jar!/" type="simple" />
            <root url="jar://$APPLICATION_HOME_DIR$/plugins/java/lib/ecj-4.16.jar!/" type="simple" />
            <root url="jar://$APPLICATION_HOME_DIR$/plugins/java/lib/java-api.jar!/" type="simple" />
            <root url="jar://$APPLICATION_HOME_DIR$/plugins/java/lib/java-impl.jar!/" type="simple" />
            <root url="jar://$APPLICATION_HOME_DIR$/plugins/java/lib/javac2.jar!/" type="simple" />
            <root url="jar://$APPLICATION_HOME_DIR$/plugins/java/lib/jdkAnnotations.jar!/" type="simple" />
            <root url="jar://$APPLICATION_HOME_DIR$/plugins/java/lib/jgoodies-common-1.4.0.jar!/" type="simple" />
            <root url="jar://$APPLICATION_HOME_DIR$/plugins/java/lib/jps-builders-6.jar!/" type="simple" />
            <root url="jar://$APPLICATION_HOME_DIR$/plugins/java/lib/jps-builders.jar!/" type="simple" />
            <root url="jar://$APPLICATION_HOME_DIR$/plugins/java/lib/jps-javac-extension-1.jar!/" type="simple" />
            <root url="jar://$APPLICATION_HOME_DIR$/plugins/java/lib/jps-launcher.jar!/" type="simple" />
            <root url="jar://$APPLICATION_HOME_DIR$/plugins/java/lib/jshell-protocol.jar!/" type="simple" />
            <root url="jar://$APPLICATION_HOME_DIR$/plugins/java/lib/maven-resolver-connector-basic-1.3.3.jar!/" type="simple" />
            <root url="jar://$APPLICATION_HOME_DIR$/plugins/java/lib/maven-resolver-transport-file-1.3.3.jar!/" type="simple" />
            <root url="jar://$APPLICATION_HOME_DIR$/plugins/java/lib/maven-resolver-transport-http-1.3.3.jar!/" type="simple" />
            <root url="jar://$APPLICATION_HOME_DIR$/plugins/java/lib/nekohtml-1.9.22.jar!/" type="simple" />
            <root url="jar://$APPLICATION_HOME_DIR$/plugins/java/lib/platform-impl.jar!/" type="simple" />
            <root url="jar://$APPLICATION_HOME_DIR$/plugins/java/lib/sa-jdwp-1.19.jar!/" type="simple" />
            <root url="jar://$APPLICATION_HOME_DIR$/plugins/JavaEE/lib/jasper-v2-rt.jar!/" type="simple" />
            <root url="jar://$APPLICATION_HOME_DIR$/plugins/JavaEE/lib/javaee-jps.jar!/" type="simple" />
            <root url="jar://$APPLICATION_HOME_DIR$/plugins/JavaEE/lib/javaee-openapi.jar!/" type="simple" />
            <root url="jar://$APPLICATION_HOME_DIR$/plugins/JavaEE/lib/javaee-platform.jar!/" type="simple" />
            <root url="jar://$APPLICATION_HOME_DIR$/plugins/DatabaseTools/lib/aether-dependency-resolver.jar!/" type="simple" />
            <root url="jar://$APPLICATION_HOME_DIR$/plugins/DatabaseTools/lib/completion-ranking-sql-0.1.1.jar!/" type="simple" />
            <root url="jar://$APPLICATION_HOME_DIR$/plugins/DatabaseTools/lib/database-dialects.jar!/" type="simple" />
            <root url="jar://$APPLICATION_HOME_DIR$/plugins/DatabaseTools/lib/database-minicats.jar!/" type="simple" />
            <root url="jar://$APPLICATION_HOME_DIR$/plugins/DatabaseTools/lib/database-openapi.jar!/" type="simple" />
            <root url="jar://$APPLICATION_HOME_DIR$/plugins/DatabaseTools/lib/maven-resolver-connector-basic-1.3.3.jar!/" type="simple" />
            <root url="jar://$APPLICATION_HOME_DIR$/plugins/DatabaseTools/lib/maven-resolver-transport-file-1.3.3.jar!/" type="simple" />
            <root url="jar://$APPLICATION_HOME_DIR$/plugins/DatabaseTools/lib/maven-resolver-transport-http-1.3.3.jar!/" type="simple" />
            <root url="jar://$APPLICATION_HOME_DIR$/plugins/DatabaseTools/lib/mssql-1.19.jar!/" type="simple" />
            <root url="jar://$APPLICATION_HOME_DIR$/plugins/DatabaseTools/lib/oracle-1.54.jar!/" type="simple" />
            <root url="jar://$APPLICATION_HOME_DIR$/plugins/DatabaseTools/lib/postgres-1.35.jar!/" type="simple" />
            <root url="jar://$APPLICATION_HOME_DIR$/plugins/DatabaseTools/lib/redshift-1.39.jar!/" type="simple" />
            <root url="jar://$APPLICATION_HOME_DIR$/plugins/DatabaseTools/lib/snowflake-1.17.jar!/" type="simple" />
            <root url="jar://$APPLICATION_HOME_DIR$/plugins/DatabaseTools/lib/tips-database-plugin-212.78.jar!/" type="simple" />
            <root url="jar://$APPLICATION_HOME_DIR$/plugins/DatabaseTools/lib/unidecode-0.0.7.jar!/" type="simple" />
            <root url="jar://$APPLICATION_HOME_DIR$/plugins/CSS/lib/css-openapi.jar!/" type="simple" />
            <root url="jrt://C:/Java/JDK/jdk14!/java.base" type="simple" />
            <root url="jrt://C:/Java/JDK/jdk14!/java.compiler" type="simple" />
            <root url="jrt://C:/Java/JDK/jdk14!/java.datatransfer" type="simple" />
            <root url="jrt://C:/Java/JDK/jdk14!/java.desktop" type="simple" />
            <root url="jrt://C:/Java/JDK/jdk14!/java.instrument" type="simple" />
            <root url="jrt://C:/Java/JDK/jdk14!/java.logging" type="simple" />
            <root url="jrt://C:/Java/JDK/jdk14!/java.management" type="simple" />
            <root url="jrt://C:/Java/JDK/jdk14!/java.management.rmi" type="simple" />
            <root url="jrt://C:/Java/JDK/jdk14!/java.naming" type="simple" />
            <root url="jrt://C:/Java/JDK/jdk14!/java.net.http" type="simple" />
            <root url="jrt://C:/Java/JDK/jdk14!/java.prefs" type="simple" />
            <root url="jrt://C:/Java/JDK/jdk14!/java.rmi" type="simple" />
            <root url="jrt://C:/Java/JDK/jdk14!/java.scripting" type="simple" />
            <root url="jrt://C:/Java/JDK/jdk14!/java.se" type="simple" />
            <root url="jrt://C:/Java/JDK/jdk14!/java.security.jgss" type="simple" />
            <root url="jrt://C:/Java/JDK/jdk14!/java.security.sasl" type="simple" />
            <root url="jrt://C:/Java/JDK/jdk14!/java.smartcardio" type="simple" />
            <root url="jrt://C:/Java/JDK/jdk14!/java.sql" type="simple" />
            <root url="jrt://C:/Java/JDK/jdk14!/java.sql.rowset" type="simple" />
            <root url="jrt://C:/Java/JDK/jdk14!/java.transaction.xa" type="simple" />
            <root url="jrt://C:/Java/JDK/jdk14!/java.xml" type="simple" />
            <root url="jrt://C:/Java/JDK/jdk14!/java.xml.crypto" type="simple" />
            <root url="jrt://C:/Java/JDK/jdk14!/jdk.accessibility" type="simple" />
            <root url="jrt://C:/Java/JDK/jdk14!/jdk.aot" type="simple" />
            <root url="jrt://C:/Java/JDK/jdk14!/jdk.attach" type="simple" />
            <root url="jrt://C:/Java/JDK/jdk14!/jdk.charsets" type="simple" />
            <root url="jrt://C:/Java/JDK/jdk14!/jdk.compiler" type="simple" />
            <root url="jrt://C:/Java/JDK/jdk14!/jdk.crypto.cryptoki" type="simple" />
            <root url="jrt://C:/Java/JDK/jdk14!/jdk.crypto.ec" type="simple" />
            <root url="jrt://C:/Java/JDK/jdk14!/jdk.crypto.mscapi" type="simple" />
            <root url="jrt://C:/Java/JDK/jdk14!/jdk.dynalink" type="simple" />
            <root url="jrt://C:/Java/JDK/jdk14!/jdk.editpad" type="simple" />
            <root url="jrt://C:/Java/JDK/jdk14!/jdk.hotspot.agent" type="simple" />
            <root url="jrt://C:/Java/JDK/jdk14!/jdk.httpserver" type="simple" />
            <root url="jrt://C:/Java/JDK/jdk14!/jdk.incubator.foreign" type="simple" />
            <root url="jrt://C:/Java/JDK/jdk14!/jdk.incubator.jpackage" type="simple" />
            <root url="jrt://C:/Java/JDK/jdk14!/jdk.internal.ed" type="simple" />
            <root url="jrt://C:/Java/JDK/jdk14!/jdk.internal.jvmstat" type="simple" />
            <root url="jrt://C:/Java/JDK/jdk14!/jdk.internal.le" type="simple" />
            <root url="jrt://C:/Java/JDK/jdk14!/jdk.internal.opt" type="simple" />
            <root url="jrt://C:/Java/JDK/jdk14!/jdk.internal.vm.ci" type="simple" />
            <root url="jrt://C:/Java/JDK/jdk14!/jdk.internal.vm.compiler" type="simple" />
            <root url="jrt://C:/Java/JDK/jdk14!/jdk.internal.vm.compiler.management" type="simple" />
            <root url="jrt://C:/Java/JDK/jdk14!/jdk.jartool" type="simple" />
            <root url="jrt://C:/Java/JDK/jdk14!/jdk.javadoc" type="simple" />
            <root url="jrt://C:/Java/JDK/jdk14!/jdk.jcmd" type="simple" />
            <root url="jrt://C:/Java/JDK/jdk14!/jdk.jconsole" type="simple" />
            <root url="jrt://C:/Java/JDK/jdk14!/jdk.jdeps" type="simple" />
            <root url="jrt://C:/Java/JDK/jdk14!/jdk.jdi" type="simple" />
            <root url="jrt://C:/Java/JDK/jdk14!/jdk.jdwp.agent" type="simple" />
            <root url="jrt://C:/Java/JDK/jdk14!/jdk.jfr" type="simple" />
            <root url="jrt://C:/Java/JDK/jdk14!/jdk.jlink" type="simple" />
            <root url="jrt://C:/Java/JDK/jdk14!/jdk.jshell" type="simple" />
            <root url="jrt://C:/Java/JDK/jdk14!/jdk.jsobject" type="simple" />
            <root url="jrt://C:/Java/JDK/jdk14!/jdk.jstatd" type="simple" />
            <root url="jrt://C:/Java/JDK/jdk14!/jdk.localedata" type="simple" />
            <root url="jrt://C:/Java/JDK/jdk14!/jdk.management" type="simple" />
            <root url="jrt://C:/Java/JDK/jdk14!/jdk.management.agent" type="simple" />
            <root url="jrt://C:/Java/JDK/jdk14!/jdk.management.jfr" type="simple" />
            <root url="jrt://C:/Java/JDK/jdk14!/jdk.naming.dns" type="simple" />
            <root url="jrt://C:/Java/JDK/jdk14!/jdk.naming.rmi" type="simple" />
            <root url="jrt://C:/Java/JDK/jdk14!/jdk.net" type="simple" />
            <root url="jrt://C:/Java/JDK/jdk14!/jdk.nio.mapmode" type="simple" />
            <root url="jrt://C:/Java/JDK/jdk14!/jdk.rmic" type="simple" />
            <root url="jrt://C:/Java/JDK/jdk14!/jdk.scripting.nashorn" type="simple" />
            <root url="jrt://C:/Java/JDK/jdk14!/jdk.scripting.nashorn.shell" type="simple" />
            <root url="jrt://C:/Java/JDK/jdk14!/jdk.sctp" type="simple" />
            <root url="jrt://C:/Java/JDK/jdk14!/jdk.security.auth" type="simple" />
            <root url="jrt://C:/Java/JDK/jdk14!/jdk.security.jgss" type="simple" />
            <root url="jrt://C:/Java/JDK/jdk14!/jdk.unsupported" type="simple" />
            <root url="jrt://C:/Java/JDK/jdk14!/jdk.unsupported.desktop" type="simple" />
            <root url="jrt://C:/Java/JDK/jdk14!/jdk.xml.dom" type="simple" />
            <root url="jrt://C:/Java/JDK/jdk14!/jdk.zipfs" type="simple" />
          </root>
        </classPath>
        <javadocPath>
          <root type="composite" />
        </javadocPath>
        <sourcePath>
          <root type="composite">
            <root url="jar://$APPLICATION_HOME_DIR$/lib/src/src_css-api.zip!/" type="simple" />
            <root url="jar://$APPLICATION_HOME_DIR$/lib/src/src_database-openapi.zip!/" type="simple" />
            <root url="jar://$APPLICATION_HOME_DIR$/lib/src/src_jam-openapi.zip!/" type="simple" />
            <root url="jar://$APPLICATION_HOME_DIR$/lib/src/src_javaee-openapi.zip!/" type="simple" />
            <root url="jar://$APPLICATION_HOME_DIR$/lib/src/src_persistence-openapi.zip!/" type="simple" />
            <root url="jar://$APPLICATION_HOME_DIR$/lib/src/src_spring-boot-openapi.zip!/" type="simple" />
            <root url="jar://$APPLICATION_HOME_DIR$/lib/src/src_spring-openapi.zip!/" type="simple" />
            <root url="jar://$APPLICATION_HOME_DIR$/lib/src/src_tomcat.zip!/" type="simple" />
            <root url="jar://C:/Java/JDK/jdk14/lib/src.zip!/java.se" type="simple" />
            <root url="jar://C:/Java/JDK/jdk14/lib/src.zip!/jdk.aot" type="simple" />
            <root url="jar://C:/Java/JDK/jdk14/lib/src.zip!/jdk.jdi" type="simple" />
            <root url="jar://C:/Java/JDK/jdk14/lib/src.zip!/jdk.jfr" type="simple" />
            <root url="jar://C:/Java/JDK/jdk14/lib/src.zip!/jdk.net" type="simple" />
            <root url="jar://C:/Java/JDK/jdk14/lib/src.zip!/java.rmi" type="simple" />
            <root url="jar://C:/Java/JDK/jdk14/lib/src.zip!/java.sql" type="simple" />
            <root url="jar://C:/Java/JDK/jdk14/lib/src.zip!/java.xml" type="simple" />
            <root url="jar://C:/Java/JDK/jdk14/lib/src.zip!/jdk.jcmd" type="simple" />
            <root url="jar://C:/Java/JDK/jdk14/lib/src.zip!/jdk.rmic" type="simple" />
            <root url="jar://C:/Java/JDK/jdk14/lib/src.zip!/jdk.sctp" type="simple" />
            <root url="jar://C:/Java/JDK/jdk14/lib/src.zip!/java.base" type="simple" />
            <root url="jar://C:/Java/JDK/jdk14/lib/src.zip!/jdk.jdeps" type="simple" />
            <root url="jar://C:/Java/JDK/jdk14/lib/src.zip!/jdk.jlink" type="simple" />
            <root url="jar://C:/Java/JDK/jdk14/lib/src.zip!/jdk.zipfs" type="simple" />
            <root url="jar://C:/Java/JDK/jdk14/lib/src.zip!/java.prefs" type="simple" />
            <root url="jar://C:/Java/JDK/jdk14/lib/src.zip!/jdk.attach" type="simple" />
            <root url="jar://C:/Java/JDK/jdk14/lib/src.zip!/jdk.jshell" type="simple" />
            <root url="jar://C:/Java/JDK/jdk14/lib/src.zip!/jdk.jstatd" type="simple" />
            <root url="jar://C:/Java/JDK/jdk14/lib/src.zip!/java.naming" type="simple" />
            <root url="jar://C:/Java/JDK/jdk14/lib/src.zip!/jdk.editpad" type="simple" />
            <root url="jar://C:/Java/JDK/jdk14/lib/src.zip!/jdk.jartool" type="simple" />
            <root url="jar://C:/Java/JDK/jdk14/lib/src.zip!/jdk.javadoc" type="simple" />
            <root url="jar://C:/Java/JDK/jdk14/lib/src.zip!/jdk.xml.dom" type="simple" />
            <root url="jar://C:/Java/JDK/jdk14/lib/src.zip!/java.desktop" type="simple" />
            <root url="jar://C:/Java/JDK/jdk14/lib/src.zip!/java.logging" type="simple" />
            <root url="jar://C:/Java/JDK/jdk14/lib/src.zip!/jdk.charsets" type="simple" />
            <root url="jar://C:/Java/JDK/jdk14/lib/src.zip!/jdk.compiler" type="simple" />
            <root url="jar://C:/Java/JDK/jdk14/lib/src.zip!/jdk.dynalink" type="simple" />
            <root url="jar://C:/Java/JDK/jdk14/lib/src.zip!/jdk.jconsole" type="simple" />
            <root url="jar://C:/Java/JDK/jdk14/lib/src.zip!/jdk.jsobject" type="simple" />
            <root url="jar://C:/Java/JDK/jdk14/lib/src.zip!/java.compiler" type="simple" />
            <root url="jar://C:/Java/JDK/jdk14/lib/src.zip!/java.net.http" type="simple" />
            <root url="jar://C:/Java/JDK/jdk14/lib/src.zip!/jdk.crypto.ec" type="simple" />
            <root url="jar://C:/Java/JDK/jdk14/lib/src.zip!/java.scripting" type="simple" />
            <root url="jar://C:/Java/JDK/jdk14/lib/src.zip!/jdk.httpserver" type="simple" />
            <root url="jar://C:/Java/JDK/jdk14/lib/src.zip!/jdk.jdwp.agent" type="simple" />
            <root url="jar://C:/Java/JDK/jdk14/lib/src.zip!/jdk.localedata" type="simple" />
            <root url="jar://C:/Java/JDK/jdk14/lib/src.zip!/jdk.management" type="simple" />
            <root url="jar://C:/Java/JDK/jdk14/lib/src.zip!/jdk.naming.dns" type="simple" />
            <root url="jar://C:/Java/JDK/jdk14/lib/src.zip!/jdk.naming.rmi" type="simple" />
            <root url="jar://C:/Java/JDK/jdk14/lib/src.zip!/java.instrument" type="simple" />
            <root url="jar://C:/Java/JDK/jdk14/lib/src.zip!/java.management" type="simple" />
            <root url="jar://C:/Java/JDK/jdk14/lib/src.zip!/java.sql.rowset" type="simple" />
            <root url="jar://C:/Java/JDK/jdk14/lib/src.zip!/java.xml.crypto" type="simple" />
            <root url="jar://C:/Java/JDK/jdk14/lib/src.zip!/jdk.internal.ed" type="simple" />
            <root url="jar://C:/Java/JDK/jdk14/lib/src.zip!/jdk.internal.le" type="simple" />
            <root url="jar://C:/Java/JDK/jdk14/lib/src.zip!/jdk.nio.mapmode" type="simple" />
            <root url="jar://C:/Java/JDK/jdk14/lib/src.zip!/jdk.unsupported" type="simple" />
            <root url="jar://C:/Java/JDK/jdk14/lib/src.zip!/java.smartcardio" type="simple" />
            <root url="jar://C:/Java/JDK/jdk14/lib/src.zip!/jdk.internal.opt" type="simple" />
            <root url="jar://C:/Java/JDK/jdk14/lib/src.zip!/java.datatransfer" type="simple" />
            <root url="jar://C:/Java/JDK/jdk14/lib/src.zip!/jdk.accessibility" type="simple" />
            <root url="jar://C:/Java/JDK/jdk14/lib/src.zip!/jdk.crypto.mscapi" type="simple" />
            <root url="jar://C:/Java/JDK/jdk14/lib/src.zip!/jdk.hotspot.agent" type="simple" />
            <root url="jar://C:/Java/JDK/jdk14/lib/src.zip!/jdk.security.auth" type="simple" />
            <root url="jar://C:/Java/JDK/jdk14/lib/src.zip!/jdk.security.jgss" type="simple" />
            <root url="jar://C:/Java/JDK/jdk14/lib/src.zip!/java.security.jgss" type="simple" />
            <root url="jar://C:/Java/JDK/jdk14/lib/src.zip!/java.security.sasl" type="simple" />
            <root url="jar://C:/Java/JDK/jdk14/lib/src.zip!/jdk.internal.vm.ci" type="simple" />
            <root url="jar://C:/Java/JDK/jdk14/lib/src.zip!/jdk.management.jfr" type="simple" />
            <root url="jar://C:/Java/JDK/jdk14/lib/src.zip!/java.management.rmi" type="simple" />
            <root url="jar://C:/Java/JDK/jdk14/lib/src.zip!/java.transaction.xa" type="simple" />
            <root url="jar://C:/Java/JDK/jdk14/lib/src.zip!/jdk.crypto.cryptoki" type="simple" />
            <root url="jar://C:/Java/JDK/jdk14/lib/src.zip!/jdk.internal.jvmstat" type="simple" />
            <root url="jar://C:/Java/JDK/jdk14/lib/src.zip!/jdk.management.agent" type="simple" />
            <root url="jar://C:/Java/JDK/jdk14/lib/src.zip!/jdk.incubator.foreign" type="simple" />
            <root url="jar://C:/Java/JDK/jdk14/lib/src.zip!/jdk.scripting.nashorn" type="simple" />
            <root url="jar://C:/Java/JDK/jdk14/lib/src.zip!/jdk.incubator.jpackage" type="simple" />
            <root url="jar://C:/Java/JDK/jdk14/lib/src.zip!/jdk.unsupported.desktop" type="simple" />
            <root url="jar://C:/Java/JDK/jdk14/lib/src.zip!/jdk.internal.vm.compiler" type="simple" />
            <root url="jar://C:/Java/JDK/jdk14/lib/src.zip!/jdk.scripting.nashorn.shell" type="simple" />
            <root url="jar://C:/Java/JDK/jdk14/lib/src.zip!/jdk.internal.vm.compiler.management" type="simple" />
          </root>
        </sourcePath>
      </roots>
      <additional sdk="openjdk-14">
        <option name="mySandboxHome" value="C:\Java\IntelliJIdea\system\plugins-sandbox" />
      </additional>
    </jdk>
    <jdk version="2">
      <name value="openjdk-18" />
      <type value="JavaSDK" />
      <version value="version 18.0.1" />
      <homePath value="C:/Java/JDK/jdk18" />
      <roots>
        <annotationsPath>
          <root type="composite">
            <root url="jar://$APPLICATION_HOME_DIR$/plugins/java/lib/jdkAnnotations.jar!/" type="simple" />
          </root>
        </annotationsPath>
        <classPath>
          <root type="composite">
            <root url="jrt://C:/Java/JDK/jdk18!/java.base" type="simple" />
            <root url="jrt://C:/Java/JDK/jdk18!/java.compiler" type="simple" />
            <root url="jrt://C:/Java/JDK/jdk18!/java.datatransfer" type="simple" />
            <root url="jrt://C:/Java/JDK/jdk18!/java.desktop" type="simple" />
            <root url="jrt://C:/Java/JDK/jdk18!/java.instrument" type="simple" />
            <root url="jrt://C:/Java/JDK/jdk18!/java.logging" type="simple" />
            <root url="jrt://C:/Java/JDK/jdk18!/java.management" type="simple" />
            <root url="jrt://C:/Java/JDK/jdk18!/java.management.rmi" type="simple" />
            <root url="jrt://C:/Java/JDK/jdk18!/java.naming" type="simple" />
            <root url="jrt://C:/Java/JDK/jdk18!/java.net.http" type="simple" />
            <root url="jrt://C:/Java/JDK/jdk18!/java.prefs" type="simple" />
            <root url="jrt://C:/Java/JDK/jdk18!/java.rmi" type="simple" />
            <root url="jrt://C:/Java/JDK/jdk18!/java.scripting" type="simple" />
            <root url="jrt://C:/Java/JDK/jdk18!/java.se" type="simple" />
            <root url="jrt://C:/Java/JDK/jdk18!/java.security.jgss" type="simple" />
            <root url="jrt://C:/Java/JDK/jdk18!/java.security.sasl" type="simple" />
            <root url="jrt://C:/Java/JDK/jdk18!/java.smartcardio" type="simple" />
            <root url="jrt://C:/Java/JDK/jdk18!/java.sql" type="simple" />
            <root url="jrt://C:/Java/JDK/jdk18!/java.sql.rowset" type="simple" />
            <root url="jrt://C:/Java/JDK/jdk18!/java.transaction.xa" type="simple" />
            <root url="jrt://C:/Java/JDK/jdk18!/java.xml" type="simple" />
            <root url="jrt://C:/Java/JDK/jdk18!/java.xml.crypto" type="simple" />
            <root url="jrt://C:/Java/JDK/jdk18!/jdk.accessibility" type="simple" />
            <root url="jrt://C:/Java/JDK/jdk18!/jdk.attach" type="simple" />
            <root url="jrt://C:/Java/JDK/jdk18!/jdk.charsets" type="simple" />
            <root url="jrt://C:/Java/JDK/jdk18!/jdk.compiler" type="simple" />
            <root url="jrt://C:/Java/JDK/jdk18!/jdk.crypto.cryptoki" type="simple" />
            <root url="jrt://C:/Java/JDK/jdk18!/jdk.crypto.ec" type="simple" />
            <root url="jrt://C:/Java/JDK/jdk18!/jdk.crypto.mscapi" type="simple" />
            <root url="jrt://C:/Java/JDK/jdk18!/jdk.dynalink" type="simple" />
            <root url="jrt://C:/Java/JDK/jdk18!/jdk.editpad" type="simple" />
            <root url="jrt://C:/Java/JDK/jdk18!/jdk.hotspot.agent" type="simple" />
            <root url="jrt://C:/Java/JDK/jdk18!/jdk.httpserver" type="simple" />
            <root url="jrt://C:/Java/JDK/jdk18!/jdk.incubator.foreign" type="simple" />
            <root url="jrt://C:/Java/JDK/jdk18!/jdk.incubator.vector" type="simple" />
            <root url="jrt://C:/Java/JDK/jdk18!/jdk.internal.ed" type="simple" />
            <root url="jrt://C:/Java/JDK/jdk18!/jdk.internal.jvmstat" type="simple" />
            <root url="jrt://C:/Java/JDK/jdk18!/jdk.internal.le" type="simple" />
            <root url="jrt://C:/Java/JDK/jdk18!/jdk.internal.opt" type="simple" />
            <root url="jrt://C:/Java/JDK/jdk18!/jdk.internal.vm.ci" type="simple" />
            <root url="jrt://C:/Java/JDK/jdk18!/jdk.internal.vm.compiler" type="simple" />
            <root url="jrt://C:/Java/JDK/jdk18!/jdk.internal.vm.compiler.management" type="simple" />
            <root url="jrt://C:/Java/JDK/jdk18!/jdk.jartool" type="simple" />
            <root url="jrt://C:/Java/JDK/jdk18!/jdk.javadoc" type="simple" />
            <root url="jrt://C:/Java/JDK/jdk18!/jdk.jcmd" type="simple" />
            <root url="jrt://C:/Java/JDK/jdk18!/jdk.jconsole" type="simple" />
            <root url="jrt://C:/Java/JDK/jdk18!/jdk.jdeps" type="simple" />
            <root url="jrt://C:/Java/JDK/jdk18!/jdk.jdi" type="simple" />
            <root url="jrt://C:/Java/JDK/jdk18!/jdk.jdwp.agent" type="simple" />
            <root url="jrt://C:/Java/JDK/jdk18!/jdk.jfr" type="simple" />
            <root url="jrt://C:/Java/JDK/jdk18!/jdk.jlink" type="simple" />
            <root url="jrt://C:/Java/JDK/jdk18!/jdk.jpackage" type="simple" />
            <root url="jrt://C:/Java/JDK/jdk18!/jdk.jshell" type="simple" />
            <root url="jrt://C:/Java/JDK/jdk18!/jdk.jsobject" type="simple" />
            <root url="jrt://C:/Java/JDK/jdk18!/jdk.jstatd" type="simple" />
            <root url="jrt://C:/Java/JDK/jdk18!/jdk.localedata" type="simple" />
            <root url="jrt://C:/Java/JDK/jdk18!/jdk.management" type="simple" />
            <root url="jrt://C:/Java/JDK/jdk18!/jdk.management.agent" type="simple" />
            <root url="jrt://C:/Java/JDK/jdk18!/jdk.management.jfr" type="simple" />
            <root url="jrt://C:/Java/JDK/jdk18!/jdk.naming.dns" type="simple" />
            <root url="jrt://C:/Java/JDK/jdk18!/jdk.naming.rmi" type="simple" />
            <root url="jrt://C:/Java/JDK/jdk18!/jdk.net" type="simple" />
            <root url="jrt://C:/Java/JDK/jdk18!/jdk.nio.mapmode" type="simple" />
            <root url="jrt://C:/Java/JDK/jdk18!/jdk.random" type="simple" />
            <root url="jrt://C:/Java/JDK/jdk18!/jdk.sctp" type="simple" />
            <root url="jrt://C:/Java/JDK/jdk18!/jdk.security.auth" type="simple" />
            <root url="jrt://C:/Java/JDK/jdk18!/jdk.security.jgss" type="simple" />
            <root url="jrt://C:/Java/JDK/jdk18!/jdk.unsupported" type="simple" />
            <root url="jrt://C:/Java/JDK/jdk18!/jdk.unsupported.desktop" type="simple" />
            <root url="jrt://C:/Java/JDK/jdk18!/jdk.xml.dom" type="simple" />
            <root url="jrt://C:/Java/JDK/jdk18!/jdk.zipfs" type="simple" />
          </root>
        </classPath>
        <javadocPath>
          <root type="composite" />
        </javadocPath>
        <sourcePath>
          <root type="composite">
            <root url="jar://C:/Java/JDK/jdk18/lib/src.zip!/java.se" type="simple" />
            <root url="jar://C:/Java/JDK/jdk18/lib/src.zip!/jdk.jdi" type="simple" />
            <root url="jar://C:/Java/JDK/jdk18/lib/src.zip!/jdk.jfr" type="simple" />
            <root url="jar://C:/Java/JDK/jdk18/lib/src.zip!/jdk.net" type="simple" />
            <root url="jar://C:/Java/JDK/jdk18/lib/src.zip!/java.rmi" type="simple" />
            <root url="jar://C:/Java/JDK/jdk18/lib/src.zip!/java.sql" type="simple" />
            <root url="jar://C:/Java/JDK/jdk18/lib/src.zip!/java.xml" type="simple" />
            <root url="jar://C:/Java/JDK/jdk18/lib/src.zip!/jdk.jcmd" type="simple" />
            <root url="jar://C:/Java/JDK/jdk18/lib/src.zip!/jdk.sctp" type="simple" />
            <root url="jar://C:/Java/JDK/jdk18/lib/src.zip!/java.base" type="simple" />
            <root url="jar://C:/Java/JDK/jdk18/lib/src.zip!/jdk.jdeps" type="simple" />
            <root url="jar://C:/Java/JDK/jdk18/lib/src.zip!/jdk.jlink" type="simple" />
            <root url="jar://C:/Java/JDK/jdk18/lib/src.zip!/jdk.zipfs" type="simple" />
            <root url="jar://C:/Java/JDK/jdk18/lib/src.zip!/java.prefs" type="simple" />
            <root url="jar://C:/Java/JDK/jdk18/lib/src.zip!/jdk.attach" type="simple" />
            <root url="jar://C:/Java/JDK/jdk18/lib/src.zip!/jdk.jshell" type="simple" />
            <root url="jar://C:/Java/JDK/jdk18/lib/src.zip!/jdk.jstatd" type="simple" />
            <root url="jar://C:/Java/JDK/jdk18/lib/src.zip!/jdk.random" type="simple" />
            <root url="jar://C:/Java/JDK/jdk18/lib/src.zip!/java.naming" type="simple" />
            <root url="jar://C:/Java/JDK/jdk18/lib/src.zip!/jdk.editpad" type="simple" />
            <root url="jar://C:/Java/JDK/jdk18/lib/src.zip!/jdk.jartool" type="simple" />
            <root url="jar://C:/Java/JDK/jdk18/lib/src.zip!/jdk.javadoc" type="simple" />
            <root url="jar://C:/Java/JDK/jdk18/lib/src.zip!/jdk.xml.dom" type="simple" />
            <root url="jar://C:/Java/JDK/jdk18/lib/src.zip!/java.desktop" type="simple" />
            <root url="jar://C:/Java/JDK/jdk18/lib/src.zip!/java.logging" type="simple" />
            <root url="jar://C:/Java/JDK/jdk18/lib/src.zip!/jdk.charsets" type="simple" />
            <root url="jar://C:/Java/JDK/jdk18/lib/src.zip!/jdk.compiler" type="simple" />
            <root url="jar://C:/Java/JDK/jdk18/lib/src.zip!/jdk.dynalink" type="simple" />
            <root url="jar://C:/Java/JDK/jdk18/lib/src.zip!/jdk.jconsole" type="simple" />
            <root url="jar://C:/Java/JDK/jdk18/lib/src.zip!/jdk.jpackage" type="simple" />
            <root url="jar://C:/Java/JDK/jdk18/lib/src.zip!/jdk.jsobject" type="simple" />
            <root url="jar://C:/Java/JDK/jdk18/lib/src.zip!/java.compiler" type="simple" />
            <root url="jar://C:/Java/JDK/jdk18/lib/src.zip!/java.net.http" type="simple" />
            <root url="jar://C:/Java/JDK/jdk18/lib/src.zip!/jdk.crypto.ec" type="simple" />
            <root url="jar://C:/Java/JDK/jdk18/lib/src.zip!/java.scripting" type="simple" />
            <root url="jar://C:/Java/JDK/jdk18/lib/src.zip!/jdk.httpserver" type="simple" />
            <root url="jar://C:/Java/JDK/jdk18/lib/src.zip!/jdk.jdwp.agent" type="simple" />
            <root url="jar://C:/Java/JDK/jdk18/lib/src.zip!/jdk.localedata" type="simple" />
            <root url="jar://C:/Java/JDK/jdk18/lib/src.zip!/jdk.management" type="simple" />
            <root url="jar://C:/Java/JDK/jdk18/lib/src.zip!/jdk.naming.dns" type="simple" />
            <root url="jar://C:/Java/JDK/jdk18/lib/src.zip!/jdk.naming.rmi" type="simple" />
            <root url="jar://C:/Java/JDK/jdk18/lib/src.zip!/java.instrument" type="simple" />
            <root url="jar://C:/Java/JDK/jdk18/lib/src.zip!/java.management" type="simple" />
            <root url="jar://C:/Java/JDK/jdk18/lib/src.zip!/java.sql.rowset" type="simple" />
            <root url="jar://C:/Java/JDK/jdk18/lib/src.zip!/java.xml.crypto" type="simple" />
            <root url="jar://C:/Java/JDK/jdk18/lib/src.zip!/jdk.internal.ed" type="simple" />
            <root url="jar://C:/Java/JDK/jdk18/lib/src.zip!/jdk.internal.le" type="simple" />
            <root url="jar://C:/Java/JDK/jdk18/lib/src.zip!/jdk.nio.mapmode" type="simple" />
            <root url="jar://C:/Java/JDK/jdk18/lib/src.zip!/jdk.unsupported" type="simple" />
            <root url="jar://C:/Java/JDK/jdk18/lib/src.zip!/java.smartcardio" type="simple" />
            <root url="jar://C:/Java/JDK/jdk18/lib/src.zip!/jdk.internal.opt" type="simple" />
            <root url="jar://C:/Java/JDK/jdk18/lib/src.zip!/java.datatransfer" type="simple" />
            <root url="jar://C:/Java/JDK/jdk18/lib/src.zip!/jdk.accessibility" type="simple" />
            <root url="jar://C:/Java/JDK/jdk18/lib/src.zip!/jdk.crypto.mscapi" type="simple" />
            <root url="jar://C:/Java/JDK/jdk18/lib/src.zip!/jdk.hotspot.agent" type="simple" />
            <root url="jar://C:/Java/JDK/jdk18/lib/src.zip!/jdk.security.auth" type="simple" />
            <root url="jar://C:/Java/JDK/jdk18/lib/src.zip!/jdk.security.jgss" type="simple" />
            <root url="jar://C:/Java/JDK/jdk18/lib/src.zip!/java.security.jgss" type="simple" />
            <root url="jar://C:/Java/JDK/jdk18/lib/src.zip!/java.security.sasl" type="simple" />
            <root url="jar://C:/Java/JDK/jdk18/lib/src.zip!/jdk.internal.vm.ci" type="simple" />
            <root url="jar://C:/Java/JDK/jdk18/lib/src.zip!/jdk.management.jfr" type="simple" />
            <root url="jar://C:/Java/JDK/jdk18/lib/src.zip!/java.management.rmi" type="simple" />
            <root url="jar://C:/Java/JDK/jdk18/lib/src.zip!/java.transaction.xa" type="simple" />
            <root url="jar://C:/Java/JDK/jdk18/lib/src.zip!/jdk.crypto.cryptoki" type="simple" />
            <root url="jar://C:/Java/JDK/jdk18/lib/src.zip!/jdk.incubator.vector" type="simple" />
            <root url="jar://C:/Java/JDK/jdk18/lib/src.zip!/jdk.internal.jvmstat" type="simple" />
            <root url="jar://C:/Java/JDK/jdk18/lib/src.zip!/jdk.management.agent" type="simple" />
            <root url="jar://C:/Java/JDK/jdk18/lib/src.zip!/jdk.incubator.foreign" type="simple" />
            <root url="jar://C:/Java/JDK/jdk18/lib/src.zip!/jdk.unsupported.desktop" type="simple" />
            <root url="jar://C:/Java/JDK/jdk18/lib/src.zip!/jdk.internal.vm.compiler" type="simple" />
            <root url="jar://C:/Java/JDK/jdk18/lib/src.zip!/jdk.internal.vm.compiler.management" type="simple" />
          </root>
        </sourcePath>
      </roots>
      <additional />
    </jdk>
  </component>
</application>