<application>
  <component name="AppStorage">
    <histories>
      <item value="Proceed in 3 steps: 1. If fewer than corePoolSize threads are running, try to start a new thread with the given command as its first task. The call to addWorker atomically checks runState and workerCount, and so prevents false alarms that would add threads when it shouldn't, by returning false. 2. If a task can be successfully queued, then we still need to double-check whether we should have added a thread (because existing ones died since last checking) or that the pool shut down since entry into this method. So we recheck state and if necessary roll back the enqueuing if stopped, or start a new thread if there are none. 3. If we cannot queue task, then we try to add a new thread. If it fails, we know we are shut down or saturated and so reject the task." />
      <item value="Checks if a new worker can be added with respect to current pool state and the given bound (either core or maximum). If so, the worker count is adjusted accordingly, and, if possible, a new worker is created and started, running firstTask as its first task. This method returns false if the pool is stopped or eligible to shut down. It also returns false if the thread factory fails to create a thread when asked. If the thread creation fails, either due to the thread factory returning null, or due to an exception (typically OutOfMemoryError in Thread.start()), we roll back cleanly. @param firstTask the task the new thread should run first (or null if none). Workers are created with an initial first task (in method execute()) to bypass queuing when there are fewer than corePoolSize threads (in which case we always start one), or when the queue is full (in which case we must bypass queue). Initially idle threads are usually created via prestartCoreThread or to replace other dying workers. @param core if true use corePoolSize as bound, else maximumPoolSize. (A boolean indicator is used here rather than a value to ensure reads of fresh values after checking other pool state)." />
    </histories>
    <option name="languageScores">
      <map>
        <entry key="CHINESE" value="1" />
        <entry key="ENGLISH" value="2" />
      </map>
    </option>
  </component>
  <component name="Cache">
    <option name="lastTrimTime" value="1646831772874" />
  </component>
</application>